Tool Type,Tool,Use Cases
Cloud Platforms,Azure,Public and Private Cloud Platforms
Operating Systems,Linux,Server Operating System
Distributed Filesystems,Azure Files,Networked Distributed Filesystems
Infrastructure as Code (IaC),Terraform,Provisioning cloud infrastructure declaratively
Orchestration,Kubernetes,Managing containerized applications across clusters
Containerization,Docker,Ensuring consistent environments for applications
CI/CD,GitHub Actions,Automating build, test, and deploy workflows
Configuration Management,Ansible,Automating system configurations and deployments
Monitoring and Logging,Datadog,Monitoring performance and setting up alerts
Security and Compliance,Snyk,Scanning for vulnerabilities and ensuring compliance
Messaging,Microsoft Teams,Team communication and collaboration
ChatOps,Microsoft Teams Bots,Integrating DevOps workflows into chat
Issue Tracking,Jira,Project management and issue tracking
Documentation,Confluence,Managing project documentation and knowledge bases
Artifact Repository,Azure Artifacts,Managing build artifacts and dependencies
Frontend Testing,Selenium,Automated UI testing
Backend Testing,Postman,API endpoint validation
Performance Testing,JMeter,Assessing application performance under load
Unit Testing,Pytest,Testing individual components for correctness
Integration Testing,Azure Test SDK,Testing component interactions
Regression Testing,Various Tools,Ensuring existing functionality remains intact
Cost Management,Azure Cost Management,Monitoring and optimizing cloud costs
DNS Management,Azure DNS,Managing DNS records and domains
Private Networks,Azure ExpressRoute,Establishing private network connections to Azure
Load Balancing,Azure Load Balancer,Layer 4 load balancing (TCP/UDP)
Application Gateway,Azure App Gateway,Layer 7 load balancing (HTTP/HTTPS)
API Gateways,Azure API Management,Managing API endpoints and rate limiting
Database Migration,Flyway,Version control for database schemas
Backup and Recovery,Azure Backup,Data backup and recovery strategies
Container Registry,Azure Container Registry,Managing container images
Secret Management,Azure Key Vault,Securely managing sensitive information
Incident Management,PagerDuty,Handling operational incidents and outages
Code Documentation,Heredoc,Maintaining codebase documentation
Version Control Branching,Rebase,Managing feature branches and releases
Versioning,Semantic Versioning,Standardizing version numbers for compatibility
API Versioning,Swagger (OpenAPI),Managing API versions for backward compatibility
Test Environment Spin-up,Kubernetes,Creating temporary test environments
Environment Management,Pipenv,Maintaining dev/stage/prod environments
Version Manager,asdf,Handling multiple runtime versions
Code Review,GitHub,Ensuring code quality through peer reviews
Linting,Pylint,Automated code style and error checks
Testing,Smoke/Unit/Integration,Ensuring tests pass before merging
Security Checks,Snyk,Identifying vulnerabilities before deployment
Code Review Automation,DeepCode/Codacy,Automating the code review process
Code Analysis,CodeClimate,Analyzing code maintainability and complexity
Blue-Green Deployments,Azure App Service Slots,Switching traffic between environments
Canary Releases,Spinnaker/Istio,Gradually rolling out updates
A/B Testing,LaunchDarkly/Optimizely,Comparing versions in production
Chaos Engineering,Chaos Monkey/Gremlin,Testing system resilience by introducing failures
GitOps,Argo CD/Flux,Managing deployments using Git as the source of truth
IDE,VSCode,Consistent development environment configurations
BI and Analytics,Tableau,Creating data visualizations and dashboards
Feature Flagging,LaunchDarkly,Managing feature rollouts without redeploying code
API Documentation,Swagger UI,Generating interactive API docs from OpenAPI specs
Task Scheduling,Azure Automation,Automating and scheduling repetitive tasks
Version Control,Git,Tracking source code changes and collaboration
Search and Indexing,Elasticsearch,Distributed search and analytics
CDN,Cloudflare,Delivering content securely and quickly with caching
Service Discovery,Azure Service Fabric,Managing service discovery and configuration
Cache,Redis,In-memory data caching and session management
Service Mesh,Istio,Managing microservices communication and security
APM,Azure Monitor,End-to-end application and infrastructure monitoring
Task Automation,Zapier,Connecting and automating workflows across apps
License Management,FOSSA,Managing open-source licenses and compliance
Release Management,Octopus Deploy,Deploying software versions reliably
Change Management,Jira Service Management,Controlling infrastructure changes to minimize risks
Localization,i18next,Supporting multiple languages and regional settings
Data Encryption,TLS/SSL Azure App Service,Encrypting data in transit and at rest
Proxy Management,NGINX,Handling client requests and optimizing performance
Compliance as Code,Open Policy Agent,Automating compliance checks via code
SLA/RPO/RTO,Documentation,Defining service level and recovery objectives
Distributed Messaging,Azure Service Bus/Event Grid/Event Hubs,Facilitating app communication
VPN,OpenVPN,Managing VPN routing and firewall
Build Tools,npm,Automating package creation and deployment
Diagram Tools,Lucid,Creating documentation diagrams
Collaborative Infrastructure,Env0,Managing and deploying infrastructure as code
AI Code Completion,Copilot,AI-assisted code suggestions

Micheal Additions-
Container Security,Trivy,"Scanning container images for vulnerabilities, misconfigurations, and compliance issues before deployment.",4.0,"Highly Recommended Tools: Practical and important, but may not be used in every scenario."
Pipeline Observability,Buildkite,Monitoring and scaling CI pipelines for high-performance build and deployment workflows.,3.0,Specialized Tools: Useful for advanced or domain-specific workflows.
Immutable Infrastructure Management,Packer,"Automating the creation of machine images for cloud platforms such as AWS, Azure, and GCP to support immutable deployments.",3.0,Specialized Tools: Useful for advanced or domain-specific workflows.
Database Observability,Percona Monitoring and Management (PMM),"Observing and troubleshooting performance issues in databases like MySQL, MongoDB, and PostgreSQL.",3.0,Specialized Tools: Useful for advanced or domain-specific workflows.
Storage Orchestration,Rook,"Enabling Kubernetes-native storage orchestration and provisioning for block, file, and object storage systems.",3.0,Specialized Tools: Useful for advanced or domain-specific workflows.
Distributed Tracing,"Jaeger, OpenTelemetry",Tracking the flow of requests across distributed services to identify latency bottlenecks and improve observability.,4.0,"Highly Recommended Tools: Practical and important, but may not be used in every scenario."
Release Management,Harness,"Automating deployments with advanced canary, blue-green, and feature flagging strategies.",4.0,"Highly Recommended Tools: Practical and important, but may not be used in every scenario."
Container Networking,Cilium,Securing and monitoring container network communications using eBPF-based solutions.,3.0,Specialized Tools: Useful for advanced or domain-specific workflows.
Incident Retrospective Tools,Blameless,Facilitating post-mortem analysis and incident retrospectives with a focus on continuous improvement.,1.0,Emerging or Peripheral Tools: Optional or niche tools with limited adoption or relevance.
Remote Development Environments,"Gitpod, GitHub Codespaces",Providing cloud-based development environments to ensure consistency and reduce onboarding times.,1.0,Emerging or Peripheral Tools: Optional or niche tools with limited adoption or relevance.
CI/CD Pipelines,Dagger.io,"Simplifies CI/CD pipelines by enabling developers to construct and test them locally, ensuring consistency across environments.",4.0,Emerging Tool: Focused on enhancing pipeline automation and local testing for improved consistency.
GitOps,Argo CD,"Declarative, GitOps continuous delivery tool for Kubernetes, facilitating automated deployment of applications.",5.0,"Emerging Tool: Prominent GitOps tool for Kubernetes, emphasizing automation and scalability."
Infrastructure as Code (IaC),Pulumi,"Allows infrastructure as code using familiar programming languages, enhancing developer productivity and collaboration.",4.0,Emerging Tool: Provides flexibility by using programming languages for infrastructure automation.
Service Mesh,Istio,"Manages microservices communication, security, and monitoring within Kubernetes clusters.",4.0,Emerging Tool: Key service mesh tool enabling secure and observable microservices communication.
Log Aggregation,Grafana Loki,"Efficient and scalable log aggregation, complementing Grafana's monitoring capabilities.",4.0,Emerging Tool: Enhances observability with lightweight and efficient log aggregation.
